x_over_L,Cf_blasius
0.05,0.00663
0.10,0.00469
0.15,0.00383
0.20,0.00332
0.25,0.00297
0.30,0.00271
0.35,0.00251
0.40,0.00234
0.45,0.00221
0.50,0.00210
0.55,0.00200
0.60,0.00191
0.65,0.00184
0.70,0.00177
0.75,0.00171
0.80,0.00166
0.85,0.00161
0.90,0.00156
0.95,0.00152
1.00,0.00148
